{"cameraMode":{"drawMode":0,"name":"Shaded","section":"Shading Mode"},"sceneLighting":true,"audioPlay":false,"sceneViewState":{"m_AlwaysRefresh":false,"showFog":true,"showSkybox":true,"showFlares":true,"showImageEffects":true,"showParticleSystems":true,"showVisualEffectGraphs":true,"m_FxEnabled":false},"in2DMode":false,"pivot":{"x":-11.123506546020508,"y":4.366731643676758,"z":4.791250228881836},"rotation":{"x":0.11640840023756027,"y":-0.49493345618247988,"z":0.06767438352108002,"w":0.8589366674423218},"size":13.137516021728516,"orthographic":false}