{"cameraMode":{"drawMode":0,"name":"Shaded","section":"Shading Mode"},"sceneLighting":false,"audioPlay":false,"sceneViewState":{"m_AlwaysRefresh":false,"showFog":true,"showSkybox":false,"showFlares":true,"showImageEffects":true,"showParticleSystems":true,"showVisualEffectGraphs":true,"m_FxEnabled":false},"in2DMode":false,"pivot":{"x":-3.7533388137817385,"y":5.568573474884033,"z":1.6352620124816895},"rotation":{"x":-0.03842999413609505,"y":0.9287934303283691,"z":-0.11519169807434082,"w":-0.35131725668907168},"size":0.0866025984287262,"orthographic":false}