{"cameraMode":{"drawMode":0,"name":"Shaded","section":"Shading Mode"},"sceneLighting":false,"audioPlay":false,"sceneViewState":{"m_AlwaysRefresh":false,"showFog":true,"showSkybox":false,"showFlares":true,"showImageEffects":true,"showParticleSystems":true,"showVisualEffectGraphs":true,"m_FxEnabled":false},"in2DMode":false,"pivot":{"x":-3.2669999599456789,"y":0.47199493646621706,"z":-5.446000099182129},"rotation":{"x":0.38590124249458315,"y":0.01381727959960699,"z":-0.0030061190482228996,"w":0.9226915240287781},"size":0.9298021793365479,"orthographic":false}